bus;Pg;Qg;Qmax;Qmin;Vg;mBase;status;Pmax;Pmin;c2;c1;c0
1;125;115;250;-20;1;100;1;200;50;0.00375;2;0
2;50;40;100;-20;1.025;100;1;80;20;0.0175;1.75;0
5;32.5;32.5;80;-15;1;100;1;50;15;0.0625;1;0
8;22.5;22.5;60;-15;1;100;1;35;10;0.00834;3.25;0
11;20;20;50;-10;1;100;1;30;10;0.025;3;0
13;26;22.5;60;-15;1.025;100;1;40;12;0.025;3;0
