hour;operation_cost
1;7600.000000000001
2;7600.000000000001
3;7600.000000000001
-1;22800.000000000004
