hour;bus;powerGen
1;1;0.0
1;2;30.000000000000004
1;3;70.0
2;1;0.0
2;2;30.000000000000004
2;3;70.0
3;1;0.0
3;2;30.000000000000004
3;3;70.0
