bus;potPGen;potQGen
1;132.78036002292845;17.910284021992926
